source,mlbam_id,fg_id,player_name,team,dynasty_rank,dynasty_tier,notes
FantraxHQ 2026 dynasty rankings,660271,6602710,Shohei Ohtani,LAD,1,,
FantraxHQ 2026 dynasty rankings,677951,677951,Bobby Witt Jr.,KC,2,,
FantraxHQ 2026 dynasty rankings,660670,660670,Ronald Acuna Jr.,ATL,3,,
FantraxHQ 2026 dynasty rankings,592450,15640,Aaron Judge,NYY,4,,
FantraxHQ 2026 dynasty rankings,669373,669373,Tarik Skubal,DET,5,,
FantraxHQ 2026 dynasty rankings,694973,694973,Paul Skenes,PIT,6,,
FantraxHQ 2026 dynasty rankings,665742,665742,Juan Soto,NYM,7,,
FantraxHQ 2026 dynasty rankings,682998,682998,Corbin Carroll,AZ,8,,
FantraxHQ 2026 dynasty rankings,677594,677594,Julio Rodriguez,SEA,9,,
FantraxHQ 2026 dynasty rankings,682829,682829,Elly De La Cruz,CIN,10,,
FantraxHQ 2026 dynasty rankings,676979,676979,Garrett Crochet,BOS,11,,
FantraxHQ 2026 dynasty rankings,694192,694192,Jackson Chourio,MIL,12,,
FantraxHQ 2026 dynasty rankings,608070,13510,Jose Ramirez,CLE,13,,
FantraxHQ 2026 dynasty rankings,691406,691406,Junior Caminero,TB,14,,
FantraxHQ 2026 dynasty rankings,665487,665487,Fernando Tatis Jr.,SD,15,,
FantraxHQ 2026 dynasty rankings,701762,701762,Nick Kurtz,ATH,16,,
FantraxHQ 2026 dynasty rankings,665489,665489,Vladimir Guerrero Jr.,TOR,17,,
FantraxHQ 2026 dynasty rankings,663656,663656,Kyle Tucker,FA,18,,
FantraxHQ 2026 dynasty rankings,695578,695578,James Wood,WSH,19,,
FantraxHQ 2026 dynasty rankings,683002,683002,Gunnar Henderson,BAL,20,,
FantraxHQ 2026 dynasty rankings,663728,663728,Cal Raleigh,SEA,21,,
FantraxHQ 2026 dynasty rankings,701350,701350,Roman Anthony,BOS,22,,
FantraxHQ 2026 dynasty rankings,596019,12916,Francisco Lindor,NYM,23,,
FantraxHQ 2026 dynasty rankings,686613,686613,Hunter Brown,HOU,24,,
FantraxHQ 2026 dynasty rankings,808967,808967,Yoshinobu Yamamoto,LAD,25,,
FantraxHQ 2026 dynasty rankings,665862,665862,Jazz Chisholm Jr.,NYY,26,,
FantraxHQ 2026 dynasty rankings,669302,669302,Logan Gilbert,SEA,27,,
FantraxHQ 2026 dynasty rankings,694671,694671,Wyatt Langford,TEX,28,,
FantraxHQ 2026 dynasty rankings,656941,16478,Kyle Schwarber,PHI,29,,
FantraxHQ 2026 dynasty rankings,606466,13613,Ketel Marte,AZ,30,,
FantraxHQ 2026 dynasty rankings,670541,670541,Yordan Alvarez,HOU,31,,
FantraxHQ 2026 dynasty rankings,624413,624413,Pete Alonso,BAL,32,,
FantraxHQ 2026 dynasty rankings,687263,687263,Zach Neto,LAA,33,,
FantraxHQ 2026 dynasty rankings,650911,650911,Cristopher Sanchez,PHI,34,,
FantraxHQ 2026 dynasty rankings,691718,691718,Pete Crow-Armstrong,CHC,35,,
FantraxHQ 2026 dynasty rankings,646240,646240,Rafael Devers,SF,36,,
FantraxHQ 2026 dynasty rankings,607208,16252,Trea Turner,PHI,37,,
FantraxHQ 2026 dynasty rankings,682985,682985,Riley Greene,DET,38,,
FantraxHQ 2026 dynasty rankings,621566,14344,Matt Olson,ATL,39,,
FantraxHQ 2026 dynasty rankings,668881,668881,Hunter Greene,CIN,40,,
FantraxHQ 2026 dynasty rankings,547180,11579,Bryce Harper,PHI,41,,
FantraxHQ 2026 dynasty rankings,804606,804606,Konnor Griffin,PIT,42,,
FantraxHQ 2026 dynasty rankings,701538,701538,Jackson Merrill,SD,43,,
FantraxHQ 2026 dynasty rankings,592518,11493,Manny Machado,SD,44,,
FantraxHQ 2026 dynasty rankings,605141,13611,Mookie Betts,LAD,45,,
FantraxHQ 2026 dynasty rankings,682928,682928,CJ Abrams,WSH,46,,
FantraxHQ 2026 dynasty rankings,691587,691587,Eury Perez,MIA,47,,
FantraxHQ 2026 dynasty rankings,666142,666142,Cole Ragans,KC,48,,
FantraxHQ 2026 dynasty rankings,695243,695243,Mason Miller,SD,49,,
FantraxHQ 2026 dynasty rankings,667670,667670,Brent Rooker,ATH,50,,
FantraxHQ 2026 dynasty rankings,805808,805808,Kevin McGonigle,DET,51,,
FantraxHQ 2026 dynasty rankings,815908,815908,Jesus Made,MIL,52,,
FantraxHQ 2026 dynasty rankings,,,Leodalis De Vries,ATH,53,,
FantraxHQ 2026 dynasty rankings,680885,680885,Spencer Schwellenbach,ATL,54,,
FantraxHQ 2026 dynasty rankings,647304,647304,Josh Naylor,SEA,55,,
FantraxHQ 2026 dynasty rankings,693433,693433,Bryan Woo,SEA,56,,
FantraxHQ 2026 dynasty rankings,657746,657746,Joe Ryan,MIN,57,,
FantraxHQ 2026 dynasty rankings,669923,669923,George Kirby,SEA,58,,
FantraxHQ 2026 dynasty rankings,608331,608331,Max Fried,NYY,59,,
FantraxHQ 2026 dynasty rankings,661388,661388,William Contreras,MIL,60,,
FantraxHQ 2026 dynasty rankings,665161,665161,Jeremy Pena,HOU,61,,
FantraxHQ 2026 dynasty rankings,663586,663586,Austin Riley,ATL,62,,
FantraxHQ 2026 dynasty rankings,662253,662253,Andres Munoz,SEA,63,,
FantraxHQ 2026 dynasty rankings,608369,13624,Corey Seager,TEX,64,,
FantraxHQ 2026 dynasty rankings,673548,673548,Seiya Suzuki,CHC,65,,
FantraxHQ 2026 dynasty rankings,,,Sebastian Walcott,TEX,66,,
FantraxHQ 2026 dynasty rankings,672695,672695,Geraldo Perdomo,AZ,67,,
FantraxHQ 2026 dynasty rankings,666182,666182,Bo Bichette,FA,68,,
FantraxHQ 2026 dynasty rankings,642547,642547,Freddy Peralta,MIL,69,,
FantraxHQ 2026 dynasty rankings,641355,15998,Cody Bellinger,FA,70,,
FantraxHQ 2026 dynasty rankings,608324,17678,Alex Bregman,FA,71,,
FantraxHQ 2026 dynasty rankings,694212,694212,Samuel Basallo,BAL,72,,
FantraxHQ 2026 dynasty rankings,657277,657277,Logan Webb,SF,73,,
FantraxHQ 2026 dynasty rankings,691016,691016,Tyler Soderstrom,ATH,74,,
FantraxHQ 2026 dynasty rankings,702616,702616,Jackson Holliday,BAL,75,,
FantraxHQ 2026 dynasty rankings,675911,675911,Spencer Strider,ATL,76,,
FantraxHQ 2026 dynasty rankings,680776,680776,Jarren Duran,BOS,77,,
FantraxHQ 2026 dynasty rankings,668930,668930,Brice Turang,MIL,78,,
FantraxHQ 2026 dynasty rankings,672580,672580,Maikel Garcia,KC,79,,
FantraxHQ 2026 dynasty rankings,605483,13543,Blake Snell,LAD,80,,
FantraxHQ 2026 dynasty rankings,683737,683737,Michael Busch,CHC,81,,
FantraxHQ 2026 dynasty rankings,594798,10954,Jacob deGrom,TEX,82,,
FantraxHQ 2026 dynasty rankings,518692,5361,Freddie Freeman,LAD,83,,
FantraxHQ 2026 dynasty rankings,686469,686469,Vinnie Pasquantino,KC,84,,
FantraxHQ 2026 dynasty rankings,519242,10603,Chris Sale,ATL,85,,
FantraxHQ 2026 dynasty rankings,695505,695505,Chase Burns,CIN,86,,
FantraxHQ 2026 dynasty rankings,656302,656302,Dylan Cease,TOR,87,,
FantraxHQ 2026 dynasty rankings,700250,700250,Ben Rice,NYY,88,,
FantraxHQ 2026 dynasty rankings,661395,661395,Jhoan Duran,PHI,89,,
FantraxHQ 2026 dynasty rankings,682663,682663,Agustin Ramirez,MIA,90,,
FantraxHQ 2026 dynasty rankings,806068,806068,Colt Emerson,SEA,91,,
FantraxHQ 2026 dynasty rankings,,,JJ Wetherholt,STL,92,,
FantraxHQ 2026 dynasty rankings,669127,669127,Shea Langeliers,ATH,93,,
FantraxHQ 2026 dynasty rankings,621439,14161,Byron Buxton,MIN,94,,
FantraxHQ 2026 dynasty rankings,621242,14710,Edwin Diaz,LAD,95,,
FantraxHQ 2026 dynasty rankings,665833,665833,Oneil Cruz,PIT,96,,
FantraxHQ 2026 dynasty rankings,666200,666200,Jesus Luzardo,PHI,97,,
FantraxHQ 2026 dynasty rankings,676059,676059,Jordan Westburg,BAL,98,,
FantraxHQ 2026 dynasty rankings,686948,686948,Drake Baldwin,ATL,99,,
FantraxHQ 2026 dynasty rankings,607192,14374,Tyler Glasnow,LAD,100,,
FantraxHQ 2026 dynasty rankings,671732,671732,Lawrence Butler,ATH,101,,
FantraxHQ 2026 dynasty rankings,681624,681624,Andy Pages,LAD,102,,
FantraxHQ 2026 dynasty rankings,694819,694819,Jacob Misiorowski,MIL,103,,
FantraxHQ 2026 dynasty rankings,690997,690997,Nolan McLean,NYM,104,,
FantraxHQ 2026 dynasty rankings,805811,805811,Bryce Eldridge,SF,105,,
FantraxHQ 2026 dynasty rankings,664285,664285,Framber Valdez,FA,106,,
FantraxHQ 2026 dynasty rankings,669065,669065,Kyle Stowers,MIA,107,,
FantraxHQ 2026 dynasty rankings,703601,703601,Max Clark,DET,108,,
FantraxHQ 2026 dynasty rankings,668227,668227,Randy Arozarena,SEA,109,,
FantraxHQ 2026 dynasty rankings,696100,696100,Hunter Goodman,COL,110,,
FantraxHQ 2026 dynasty rankings,671922,671922,Cade Smith,CLE,111,,
FantraxHQ 2026 dynasty rankings,805805,805805,Walker Jenkins,MIN,112,,
FantraxHQ 2026 dynasty rankings,670623,670623,Isaac Paredes,HOU,113,,
FantraxHQ 2026 dynasty rankings,671739,671739,Michael Harris II,ATL,114,,
FantraxHQ 2026 dynasty rankings,642715,642715,Willy Adames,SF,115,,
FantraxHQ 2026 dynasty rankings,592885,11477,Christian Yelich,MIL,116,,
FantraxHQ 2026 dynasty rankings,807712,807712,Luke Keaschall,MIN,117,,
FantraxHQ 2026 dynasty rankings,669257,669257,Will Smith,LAD,118,,
FantraxHQ 2026 dynasty rankings,807713,807713,Matt Shaw,CHC,119,,
FantraxHQ 2026 dynasty rankings,650633,650633,Michael King,SD,120,,
FantraxHQ 2026 dynasty rankings,554430,10310,Zack Wheeler,PHI,121,,
FantraxHQ 2026 dynasty rankings,680694,680694,Kyle Bradish,BAL,122,,
FantraxHQ 2026 dynasty rankings,696149,696149,Bubba Chandler,PIT,123,,
FantraxHQ 2026 dynasty rankings,601713,601713,Nick Pivetta,SD,124,,
FantraxHQ 2026 dynasty rankings,679529,679529,Spencer Torkelson,DET,125,,
FantraxHQ 2026 dynasty rankings,669022,669022,MacKenzie Gore,WSH,126,,
FantraxHQ 2026 dynasty rankings,,,Pablo Lopez,MIN,127,,
FantraxHQ 2026 dynasty rankings,623352,14212,Josh Hader,HOU,128,,
FantraxHQ 2026 dynasty rankings,545361,10155,Mike Trout,LAA,129,,
FantraxHQ 2026 dynasty rankings,678882,678882,Ceddanne Rafaela,BOS,130,,
FantraxHQ 2026 dynasty rankings,686218,686218,Emmet Sheehan,LAD,131,,
FantraxHQ 2026 dynasty rankings,666157,666157,Nick Lodolo,CIN,132,,
FantraxHQ 2026 dynasty rankings,805779,805779,Jacob Wilson,ATH,133,,
FantraxHQ 2026 dynasty rankings,702056,702056,Trey Yesavage,TOR,134,,
FantraxHQ 2026 dynasty rankings,680718,680718,Addison Barger,TOR,135,,
FantraxHQ 2026 dynasty rankings,695506,695506,Jac Caglianone,KC,136,,
FantraxHQ 2026 dynasty rankings,808963,808963,Roki Sasaki,LAD,137,,
FantraxHQ 2026 dynasty rankings,514888,5417,Jose Altuve,HOU,138,,
FantraxHQ 2026 dynasty rankings,666176,666176,Jo Adell,LAA,139,,
FantraxHQ 2026 dynasty rankings,666018,666018,Jonathan Aranda,TB,140,,
FantraxHQ 2026 dynasty rankings,645261,645261,Sandy Alcantara,MIA,141,,
FantraxHQ 2026 dynasty rankings,606192,13066,Teoscar Hernandez,LAD,142,,
FantraxHQ 2026 dynasty rankings,663538,663538,Nico Hoerner,CHC,143,,
FantraxHQ 2026 dynasty rankings,686752,686752,Ryan Pepiot,TB,144,,
FantraxHQ 2026 dynasty rankings,553993,12552,Eugenio Suarez,SEA,145,,
FantraxHQ 2026 dynasty rankings,671218,671218,Heliot Ramos,SF,146,,
FantraxHQ 2026 dynasty rankings,656305,16505,Matt Chapman,SF,147,,
FantraxHQ 2026 dynasty rankings,805795,805795,Aidan Miller,PHI,148,,
FantraxHQ 2026 dynasty rankings,701807,701807,Carson Benge,NYM,149,,
FantraxHQ 2026 dynasty rankings,668909,668909,Gavin Williams,CLE,150,,
FantraxHQ 2026 dynasty rankings,701398,701398,Sal Stewart,CIN,151,,
FantraxHQ 2026 dynasty rankings,,,Luis Pena,MIL,152,,
FantraxHQ 2026 dynasty rankings,671056,671056,Ivan Herrera,STL,153,,
FantraxHQ 2026 dynasty rankings,,,Jackson Jobe,DET,154,,
FantraxHQ 2026 dynasty rankings,,,George Lombard,NYY,155,,
FantraxHQ 2026 dynasty rankings,702262,683003,Jared Jones,PIT,156,,
FantraxHQ 2026 dynasty rankings,673357,673357,Luis Robert Jr.,CWS,157,,
FantraxHQ 2026 dynasty rankings,683953,683953,Travis Bazzana,CLE,158,,
FantraxHQ 2026 dynasty rankings,656876,656876,Drew Rasmussen,TB,159,,
FantraxHQ 2026 dynasty rankings,837227,837227,Tatsuya Imai,FA,160,,
FantraxHQ 2026 dynasty rankings,693645,693645,Cam Schlittler,NYY,161,,
FantraxHQ 2026 dynasty rankings,806258,806258,Thomas White,MIA,162,,
FantraxHQ 2026 dynasty rankings,642207,642207,Devin Williams,NYM,163,,
FantraxHQ 2026 dynasty rankings,668904,668904,Royce Lewis,MIN,164,,
FantraxHQ 2026 dynasty rankings,669358,669358,Shane Baz,TB,165,,
FantraxHQ 2026 dynasty rankings,,,Eduardo Quintero,LAD,166,,
FantraxHQ 2026 dynasty rankings,645277,16556,Ozzie Albies,ATL,167,,
FantraxHQ 2026 dynasty rankings,592662,11486,Robbie Ray,SF,168,,
FantraxHQ 2026 dynasty rankings,691176,691176,Jasson Dominguez,NYY,169,,
FantraxHQ 2026 dynasty rankings,680757,680757,Steven Kwan,CLE,170,,
FantraxHQ 2026 dynasty rankings,682243,682243,Bryce Miller,SEA,171,,
FantraxHQ 2026 dynasty rankings,628452,17130,Raisel Iglesias,ATL,172,,
FantraxHQ 2026 dynasty rankings,663460,663460,Kris Bubic,KC,173,,
FantraxHQ 2026 dynasty rankings,,,Bryce Rainer,DET,174,,
FantraxHQ 2026 dynasty rankings,682622,682622,Noelvi Marte,CIN,175,,
FantraxHQ 2026 dynasty rankings,607074,16137,Carlos Rodon,NYY,176,,
FantraxHQ 2026 dynasty rankings,668939,668939,Adley Rutschman,BAL,177,,
FantraxHQ 2026 dynasty rankings,684007,684007,Shota Imanaga,CHC,178,,
FantraxHQ 2026 dynasty rankings,681481,681481,Kerry Carpenter,DET,179,,
FantraxHQ 2026 dynasty rankings,801139,801139,Payton Tolle,BOS,180,,
FantraxHQ 2026 dynasty rankings,669456,669456,Shane Bieber,TOR,181,,
FantraxHQ 2026 dynasty rankings,686611,686611,Dylan Crews,WSH,182,,
FantraxHQ 2026 dynasty rankings,700932,700932,Kyle Manzardo,CLE,183,,
FantraxHQ 2026 dynasty rankings,665795,665795,Edward Cabrera,MIA,184,,
FantraxHQ 2026 dynasty rankings,680570,680570,Grayson Rodriguez,LAA,185,,
FantraxHQ 2026 dynasty rankings,624133,624133,Ranger Suarez,PHI,186,,
FantraxHQ 2026 dynasty rankings,592332,14107,Kevin Gausman,TOR,187,,
FantraxHQ 2026 dynasty rankings,622491,699127,Luis Castillo,SEA,188,,
FantraxHQ 2026 dynasty rankings,692225,692225,Kristian Campbell,BOS,189,,
FantraxHQ 2026 dynasty rankings,800543,800543,Josue De Paula,LAD,190,,
FantraxHQ 2026 dynasty rankings,650490,650490,Yandy Diaz,TB,191,,
FantraxHQ 2026 dynasty rankings,669203,669203,Corbin Burnes,AZ,192,,
FantraxHQ 2026 dynasty rankings,677800,677800,Wilyer Abreu,BOS,193,,
FantraxHQ 2026 dynasty rankings,695657,695657,Colson Montgomery,CWS,194,,
FantraxHQ 2026 dynasty rankings,805300,805300,Jakob Marsee,MIA,195,,
FantraxHQ 2026 dynasty rankings,695734,695734,Daylen Lile,WSH,196,,
FantraxHQ 2026 dynasty rankings,543135,9132,Nathan Eovaldi,TEX,197,,
FantraxHQ 2026 dynasty rankings,701358,701358,Cam Smith,HOU,198,,
FantraxHQ 2026 dynasty rankings,690990,690990,Cade Horton,CHC,199,,
FantraxHQ 2026 dynasty rankings,686217,686217,Sal Frelick,MIL,200,,
FantraxHQ 2026 dynasty rankings,657006,657006,Justin Steele,CHC,201,,
FantraxHQ 2026 dynasty rankings,,,Kade Anderson,SEA,202,,
FantraxHQ 2026 dynasty rankings,543243,12768,Sonny Gray,BOS,203,,
FantraxHQ 2026 dynasty rankings,676440,676440,Tanner Bibee,CLE,204,,
FantraxHQ 2026 dynasty rankings,670280,670280,David Bednar,NYY,205,,
FantraxHQ 2026 dynasty rankings,802415,802415,Chandler Simpson,TB,206,,
FantraxHQ 2026 dynasty rankings,691785,691785,Marcelo Mayer,BOS,207,,
FantraxHQ 2026 dynasty rankings,,,Ethan Holliday,COL,208,,
FantraxHQ 2026 dynasty rankings,664023,664023,Ian Happ,CHC,209,,
FantraxHQ 2026 dynasty rankings,605400,16149,Aaron Nola,PHI,210,,
FantraxHQ 2026 dynasty rankings,605540,605540,Brandon Woodruff,MIL,211,,
FantraxHQ 2026 dynasty rankings,607043,12927,Brandon Nimmo,TEX,212,,
FantraxHQ 2026 dynasty rankings,621493,621493,Taylor Ward,BAL,213,,
FantraxHQ 2026 dynasty rankings,673237,673237,Yainer Diaz,HOU,214,,
FantraxHQ 2026 dynasty rankings,543807,12856,George Springer,TOR,215,,
FantraxHQ 2026 dynasty rankings,543037,13125,Gerrit Cole,NYY,216,,
FantraxHQ 2026 dynasty rankings,691019,691019,Kyle Teel,CWS,217,,
FantraxHQ 2026 dynasty rankings,664854,664854,Ryan Helsley,BAL,218,,
FantraxHQ 2026 dynasty rankings,575929,11609,Willson Contreras,STL,219,,
FantraxHQ 2026 dynasty rankings,666160,666160,Mickey Moniak,COL,220,,
FantraxHQ 2026 dynasty rankings,,,Eli Willits,WSH,221,,
FantraxHQ 2026 dynasty rankings,686668,686668,Brenton Doyle,COL,222,,
FantraxHQ 2026 dynasty rankings,662139,662139,Daulton Varsho,TOR,223,,
FantraxHQ 2026 dynasty rankings,,,Zyhir Hope,LAD,224,,
FantraxHQ 2026 dynasty rankings,691725,691725,Andrew Painter,PHI,225,,
FantraxHQ 2026 dynasty rankings,669364,669364,Xavier Edwards,MIA,226,,
FantraxHQ 2026 dynasty rankings,804636,804636,Jonah Tong,NYM,227,,
FantraxHQ 2026 dynasty rankings,823787,823787,Rainiel Rodriguez,STL,228,,
FantraxHQ 2026 dynasty rankings,,,Lazaro Montes,SEA,229,,
FantraxHQ 2026 dynasty rankings,800522,800522,Josue Briceno,DET,230,,
FantraxHQ 2026 dynasty rankings,694462,694462,Hurston Waldrep,ATL,231,,
FantraxHQ 2026 dynasty rankings,702281,702281,Robby Snelling,MIA,232,,
FantraxHQ 2026 dynasty rankings,621020,18314,Dansby Swanson,CHC,233,,
FantraxHQ 2026 dynasty rankings,681297,681297,Colton Cowser,BAL,234,,
FantraxHQ 2026 dynasty rankings,671096,671096,Andrew Abbott,CIN,235,,
FantraxHQ 2026 dynasty rankings,702518,702518,Jett Williams,NYM,236,,
FantraxHQ 2026 dynasty rankings,678662,678662,Ezequiel Tovar,COL,237,,
FantraxHQ 2026 dynasty rankings,672386,672386,Alejandro Kirk,TOR,238,,
FantraxHQ 2026 dynasty rankings,691723,691723,Coby Mayo,BAL,239,,
FantraxHQ 2026 dynasty rankings,691026,691026,Masyn Winn,STL,240,,
FantraxHQ 2026 dynasty rankings,680574,680574,Matt McLain,CIN,241,,
FantraxHQ 2026 dynasty rankings,596115,12564,Trevor Story,BOS,242,,
FantraxHQ 2026 dynasty rankings,676974,676974,Max Meyer,MIA,243,,
FantraxHQ 2026 dynasty rankings,,,AJ Smith-Shawver,ATL,244,,
FantraxHQ 2026 dynasty rankings,664040,664040,Brandon Lowe,TB,245,,
FantraxHQ 2026 dynasty rankings,695600,695600,Carter Jensen,KC,246,,
FantraxHQ 2026 dynasty rankings,669432,669432,Trevor Rogers,BAL,247,,
FantraxHQ 2026 dynasty rankings,668804,668804,Bryan Reynolds,PIT,248,,
FantraxHQ 2026 dynasty rankings,668901,668901,Mark Vientos,NYM,249,,
FantraxHQ 2026 dynasty rankings,676475,676475,Alec Burleson,STL,250,,
FantraxHQ 2026 dynasty rankings,695731,695731,Braden Montgomery,CWS,251,,
FantraxHQ 2026 dynasty rankings,656427,656427,Jack Flaherty,DET,252,,
FantraxHQ 2026 dynasty rankings,519317,4949,Giancarlo Stanton,NYY,253,,
FantraxHQ 2026 dynasty rankings,663556,663556,Shane McClanahan,TB,254,,
FantraxHQ 2026 dynasty rankings,813349,813349,Connelly Early,BOS,255,,
FantraxHQ 2026 dynasty rankings,,,Seth Hernandez,PIT,256,,
FantraxHQ 2026 dynasty rankings,672820,672820,Lenyn Sosa,CWS,257,,
FantraxHQ 2026 dynasty rankings,657656,657656,Ramon Laureano,SD,258,,
FantraxHQ 2026 dynasty rankings,641941,641941,Emilio Pagan,CIN,259,,
FantraxHQ 2026 dynasty rankings,472610,671277,Luis Garcia,WSH,260,,
FantraxHQ 2026 dynasty rankings,681082,681082,Bryson Stott,PHI,261,,
FantraxHQ 2026 dynasty rankings,683146,683146,Brett Baty,NYM,262,,
FantraxHQ 2026 dynasty rankings,687597,687597,Jordan Beck,COL,263,,
FantraxHQ 2026 dynasty rankings,808959,808959,Munetaka Murakami,CWS,264,,
FantraxHQ 2026 dynasty rankings,663554,663554,Casey Mize,DET,265,,
FantraxHQ 2026 dynasty rankings,668678,668678,Zac Gallen,FA,266,,
FantraxHQ 2026 dynasty rankings,814439,814439,Ryan Waldschmidt,AZ,267,,
FantraxHQ 2026 dynasty rankings,683004,683004,Jack Leiter,TEX,268,,
FantraxHQ 2026 dynasty rankings,690976,690976,Alex Freeland,LAD,269,,
FantraxHQ 2026 dynasty rankings,672640,672640,Otto Lopez,MIA,270,,
FantraxHQ 2026 dynasty rankings,,,Kaelen Culpepper,MIN,271,,
FantraxHQ 2026 dynasty rankings,682990,682990,Quinn Priester,MIL,272,,
FantraxHQ 2026 dynasty rankings,673540,673540,Kodai Senga,NYM,273,,
FantraxHQ 2026 dynasty rankings,672515,672515,Gabriel Moreno,AZ,274,,
FantraxHQ 2026 dynasty rankings,682842,682842,Abner Uribe,MIL,275,,
FantraxHQ 2026 dynasty rankings,680977,680977,Brendan Donovan,STL,276,,
FantraxHQ 2026 dynasty rankings,547973,10233,Aroldis Chapman,BOS,277,,
FantraxHQ 2026 dynasty rankings,650402,16997,Gleyber Torres,DET,278,,
FantraxHQ 2026 dynasty rankings,676609,676609,Jose Caballero,NYY,279,,
FantraxHQ 2026 dynasty rankings,642701,642701,Dennis Santana,PIT,280,,
FantraxHQ 2026 dynasty rankings,682626,682626,Francisco Alvarez,NYM,281,,
FantraxHQ 2026 dynasty rankings,,,Edward Florentino,PIT,282,,
FantraxHQ 2026 dynasty rankings,,,Ronny Henriquez,MIA,283,,
FantraxHQ 2026 dynasty rankings,694384,694384,Nolan Schanuel,LAA,284,,
FantraxHQ 2026 dynasty rankings,656730,656730,Trevor Megill,MIL,285,,
FantraxHQ 2026 dynasty rankings,,,Reese Olson,DET,286,,
FantraxHQ 2026 dynasty rankings,678394,678394,Brayan Bello,BOS,287,,
FantraxHQ 2026 dynasty rankings,,,Ryan Sloan,SEA,288,,
FantraxHQ 2026 dynasty rankings,702070,702070,Noah Cameron,KC,289,,
FantraxHQ 2026 dynasty rankings,677960,677960,Ryan Weathers,MIA,290,,
FantraxHQ 2026 dynasty rankings,,,Franklin Arias,BOS,291,,
FantraxHQ 2026 dynasty rankings,805673,805673,Zebby Matthews,MIN,292,,
FantraxHQ 2026 dynasty rankings,,,JoJo Parker,TOR,293,,
FantraxHQ 2026 dynasty rankings,445276,3096,Kenley Jansen,LAA,294,,
FantraxHQ 2026 dynasty rankings,621043,14162,Carlos Correa,HOU,295,,
FantraxHQ 2026 dynasty rankings,683011,683011,Anthony Volpe,NYY,296,,
FantraxHQ 2026 dynasty rankings,681343,681343,Shane Smith,CWS,297,,
FantraxHQ 2026 dynasty rankings,571970,13301,Max Muncy,LAD,298,,
FantraxHQ 2026 dynasty rankings,701527,701527,Mike Sirota,LAD,299,,
FantraxHQ 2026 dynasty rankings,,,Jamie Arnold,MIA,300,,
FantraxHQ 2026 dynasty rankings,694208,694208,Moises Ballesteros,CHC,301,,
FantraxHQ 2026 dynasty rankings,,,Jurickson Profar,ATL,302,,
FantraxHQ 2026 dynasty rankings,694037,694037,Daniel Palencia,CHC,303,,
FantraxHQ 2026 dynasty rankings,691783,691783,Jordan Lawlar,AZ,304,,
FantraxHQ 2026 dynasty rankings,666139,666139,Josh Lowe,TB,305,,
FantraxHQ 2026 dynasty rankings,593871,13152,Jorge Polanco,SEA,306,,
FantraxHQ 2026 dynasty rankings,671213,671213,Triston Casas,BOS,307,,
FantraxHQ 2026 dynasty rankings,687221,687221,Dalton Rushing,LAD,308,,
FantraxHQ 2026 dynasty rankings,690993,690993,Colt Keith,DET,309,,
FantraxHQ 2026 dynasty rankings,677952,677952,Braxton Ashcraft,PIT,310,,
FantraxHQ 2026 dynasty rankings,,,Riley O'Brien,STL,311,,
FantraxHQ 2026 dynasty rankings,521692,7304,Salvador Perez,KC,312,,
FantraxHQ 2026 dynasty rankings,669194,669194,Ryne Nelson,AZ,313,,
FantraxHQ 2026 dynasty rankings,668715,668715,Spencer Steer,CIN,314,,
FantraxHQ 2026 dynasty rankings,671737,671737,Taj Bradley,MIN,315,,
FantraxHQ 2026 dynasty rankings,,,Aiva Arquette,MIA,316,,
FantraxHQ 2026 dynasty rankings,664761,664761,Alec Bohm,PHI,317,,
FantraxHQ 2026 dynasty rankings,695491,695491,Joshua Baez,STL,318,,
FantraxHQ 2026 dynasty rankings,702332,702332,Caleb Durbin,MIL,319,,
FantraxHQ 2026 dynasty rankings,701542,701542,Will Warren,NYY,320,,
FantraxHQ 2026 dynasty rankings,678246,678246,Miguel Vargas,CWS,321,,
FantraxHQ 2026 dynasty rankings,663757,663757,Trent Grisham,NYY,322,,
FantraxHQ 2026 dynasty rankings,806198,806198,Cooper Pratt,MIL,323,,
FantraxHQ 2026 dynasty rankings,656605,656605,Mitch Keller,PIT,324,,
FantraxHQ 2026 dynasty rankings,641927,641927,Bailey Ober,MIN,325,,
FantraxHQ 2026 dynasty rankings,700246,700246,Carson Williams,TB,326,,
FantraxHQ 2026 dynasty rankings,687637,687637,Dylan Beavers,BAL,327,,
FantraxHQ 2026 dynasty rankings,808982,808982,Jung Hoo Lee,SF,328,,
FantraxHQ 2026 dynasty rankings,701581,701581,David Festa,MIN,329,,
FantraxHQ 2026 dynasty rankings,656546,17432,Jeff Hoffman,TOR,330,,
FantraxHQ 2026 dynasty rankings,,,Travis Sykora,WSH,331,,
FantraxHQ 2026 dynasty rankings,676391,676391,Ernie Clement,TOR,332,,
FantraxHQ 2026 dynasty rankings,661563,661563,Luis Gil,NYY,333,,
FantraxHQ 2026 dynasty rankings,605397,12970,Joe Musgrove,SD,334,,
FantraxHQ 2026 dynasty rankings,,,Eduardo Tait,MIN,335,,
FantraxHQ 2026 dynasty rankings,701656,701656,Logan Henderson,MIL,336,,
FantraxHQ 2026 dynasty rankings,687273,687273,Quinn Mathews,STL,337,,
FantraxHQ 2026 dynasty rankings,,,Liam Doyle,STL,338,,
FantraxHQ 2026 dynasty rankings,572233,13419,Christian Walker,HOU,339,,
FantraxHQ 2026 dynasty rankings,695681,695681,Christian Moore,LAA,340,,
FantraxHQ 2026 dynasty rankings,608032,14542,Carlos Estevez,KC,341,,
FantraxHQ 2026 dynasty rankings,,,Brody Hopkins,TB,342,,
FantraxHQ 2026 dynasty rankings,593428,12161,Xander Bogaerts,SD,343,,
FantraxHQ 2026 dynasty rankings,801403,801403,Chase Dollander,COL,344,,
FantraxHQ 2026 dynasty rankings,683734,683734,Andrew Vaughn,MIL,345,,
FantraxHQ 2026 dynasty rankings,675512,675512,Troy Melton,DET,346,,
FantraxHQ 2026 dynasty rankings,702222,702222,Justin Crawford,PHI,347,,
FantraxHQ 2026 dynasty rankings,669242,669242,Tommy Edman,LAD,348,,
FantraxHQ 2026 dynasty rankings,691181,691181,Emmanuel Rodriguez,MIN,349,,
FantraxHQ 2026 dynasty rankings,657376,657376,Clarke Schmidt,NYY,350,,
FantraxHQ 2026 dynasty rankings,691799,691799,Grant Taylor,CWS,351,,
FantraxHQ 2026 dynasty rankings,656550,16944,Grant Holmes,ATL,352,,
FantraxHQ 2026 dynasty rankings,623993,623993,Anthony Santander,TOR,353,,
FantraxHQ 2026 dynasty rankings,663158,663158,Robert Suarez,ATL,354,,
FantraxHQ 2026 dynasty rankings,695611,695611,Gage Jump,ATH,355,,
FantraxHQ 2026 dynasty rankings,694497,694497,Evan Carter,TEX,356,,
FantraxHQ 2026 dynasty rankings,681293,681293,Spencer Arrighetti,HOU,357,,
FantraxHQ 2026 dynasty rankings,806252,806252,Ralphy Velazquez,CLE,358,,
FantraxHQ 2026 dynasty rankings,571510,15440,Matthew Boyd,CHC,359,,
FantraxHQ 2026 dynasty rankings,670242,670242,Matt Wallner,MIN,360,,
FantraxHQ 2026 dynasty rankings,673962,673962,Josh Jung,TEX,361,,
FantraxHQ 2026 dynasty rankings,,,Alfredo Duno,CIN,362,,
FantraxHQ 2026 dynasty rankings,806960,806960,Luis Morales,ATH,363,,
FantraxHQ 2026 dynasty rankings,640448,640448,Kyle Finnegan,DET,364,,
FantraxHQ 2026 dynasty rankings,650333,650333,Luis Arraez,FA,365,,
FantraxHQ 2026 dynasty rankings,,,Blake Mitchell,KC,366,,
FantraxHQ 2026 dynasty rankings,667755,667755,Jose Soriano,LAA,367,,
FantraxHQ 2026 dynasty rankings,664126,664126,Pete Fairbanks,MIA,368,,
FantraxHQ 2026 dynasty rankings,,,Logan O'Hoppe,LAA,369,,
FantraxHQ 2026 dynasty rankings,800050,800050,Chase DeLauter,CLE,370,,
FantraxHQ 2026 dynasty rankings,683357,683357,Owen Caissie,CHC,371,,
FantraxHQ 2026 dynasty rankings,805796,805796,Arjun Nimmala,TOR,372,,
FantraxHQ 2026 dynasty rankings,694297,694297,Brandon Pfaadt,AZ,373,,
FantraxHQ 2026 dynasty rankings,518876,518876,Merrill Kelly,TEX,374,,
FantraxHQ 2026 dynasty rankings,,,Josuar Gonzalez,SF,375,,
FantraxHQ 2026 dynasty rankings,666969,666969,Adolis Garcia,TEX,376,,
FantraxHQ 2026 dynasty rankings,,,Felnin Celesten,SEA,377,,
FantraxHQ 2026 dynasty rankings,673490,673490,Ha-Seong Kim,ATL,378,,
FantraxHQ 2026 dynasty rankings,,,Steele Hall,CIN,379,,
FantraxHQ 2026 dynasty rankings,694738,694738,Landen Roupp,SF,380,,
FantraxHQ 2026 dynasty rankings,676282,676282,Joey Cantillo,CLE,381,,
FantraxHQ 2026 dynasty rankings,702273,702273,Noah Schultz,CWS,382,,
FantraxHQ 2026 dynasty rankings,691775,691775,Ryan Clifford,NYM,383,,
FantraxHQ 2026 dynasty rankings,805367,805367,Chase Meidroth,CWS,384,,
FantraxHQ 2026 dynasty rankings,670770,670770,TJ Friedl,CIN,385,,
FantraxHQ 2026 dynasty rankings,815394,815394,Theo Gillen,TB,386,,
FantraxHQ 2026 dynasty rankings,694197,694197,Angel Genao,CLE,387,,
FantraxHQ 2026 dynasty rankings,702284,702284,Cole Young,SEA,388,,
FantraxHQ 2026 dynasty rankings,542303,10324,Marcell Ozuna,FA,389,,
FantraxHQ 2026 dynasty rankings,690953,690953,Mick Abel,MIN,390,,
FantraxHQ 2026 dynasty rankings,691781,691781,Brady House,WSH,391,,
FantraxHQ 2026 dynasty rankings,650556,650556,Bryan Abreu,HOU,392,,
FantraxHQ 2026 dynasty rankings,664299,664299,Cristian Javier,HOU,393,,
FantraxHQ 2026 dynasty rankings,671212,671212,Joe Boyle,TB,394,,
FantraxHQ 2026 dynasty rankings,686797,686797,Brooks Lee,MIN,395,,
FantraxHQ 2026 dynasty rankings,,,Hayden Birdsong,SF,396,,
FantraxHQ 2026 dynasty rankings,682052,682052,Jacob Lopez,ATH,397,,
FantraxHQ 2026 dynasty rankings,703197,703197,Michael Arroyo,SEA,398,,
FantraxHQ 2026 dynasty rankings,695670,695670,Harry Ford,WSH,399,,
FantraxHQ 2026 dynasty rankings,,,Billy Carlson,CWS,400,,
FantraxHQ 2026 dynasty rankings,809707,809707,Charlie Condon,COL,401,,
FantraxHQ 2026 dynasty rankings,,,Carlos Lagrange,NYY,402,,
FantraxHQ 2026 dynasty rankings,,,Kyson Witherspoon,BOS,403,,
FantraxHQ 2026 dynasty rankings,,,Jaxon Wiggins,CHC,404,,
FantraxHQ 2026 dynasty rankings,669224,669224,Austin Wells,NYY,405,,
FantraxHQ 2026 dynasty rankings,,,Jaison Chourio,CLE,406,,
FantraxHQ 2026 dynasty rankings,687075,687075,Brandon Sproat,NYM,407,,
FantraxHQ 2026 dynasty rankings,700337,700337,Edgar Quero,CWS,408,,
FantraxHQ 2026 dynasty rankings,,,Max P Muncy,ATH,409,,
FantraxHQ 2026 dynasty rankings,,,Tyler Bremner,LAA,410,,
FantraxHQ 2026 dynasty rankings,543760,12533,Marcus Semien,NYM,411,,
FantraxHQ 2026 dynasty rankings,676917,676917,Cade Cavalli,WSH,412,,
FantraxHQ 2026 dynasty rankings,663903,663903,Brady Singer,CIN,413,,
FantraxHQ 2026 dynasty rankings,669394,669394,Jake Burger,TEX,414,,
FantraxHQ 2026 dynasty rankings,,,Jonny Farmelo,SEA,415,,
FantraxHQ 2026 dynasty rankings,,,Emil Morales,LAD,416,,
FantraxHQ 2026 dynasty rankings,663457,663457,Lars Nootbaar,STL,417,,
FantraxHQ 2026 dynasty rankings,680573,680573,Simeon Woods Richardson,MIN,418,,
FantraxHQ 2026 dynasty rankings,800060,800060,Xavier Isaac,TB,419,,
FantraxHQ 2026 dynasty rankings,669701,669701,Josh Smith,TEX,420,,
FantraxHQ 2026 dynasty rankings,691788,691788,Joe Mack,MIA,421,,
FantraxHQ 2026 dynasty rankings,676684,676684,Will Vest,DET,422,,
FantraxHQ 2026 dynasty rankings,,,Randy Rodriguez,SF,423,,
FantraxHQ 2026 dynasty rankings,694357,694357,Ricky Tiedemann,TOR,424,,
FantraxHQ 2026 dynasty rankings,677958,677958,Kumar Rocker,TEX,425,,
FantraxHQ 2026 dynasty rankings,679885,679885,Justin Martinez,AZ,426,,
FantraxHQ 2026 dynasty rankings,,,Cam Caminiti,ATL,427,,
FantraxHQ 2026 dynasty rankings,672282,672282,Reid Detmers,LAA,428,,
FantraxHQ 2026 dynasty rankings,643377,643377,Griffin Jax,TB,429,,
FantraxHQ 2026 dynasty rankings,681393,681393,Connor Norby,MIA,430,,
FantraxHQ 2026 dynasty rankings,676254,676254,Ryan Walker,SF,431,,
FantraxHQ 2026 dynasty rankings,693311,693311,Tink Hence,STL,432,,
FantraxHQ 2026 dynasty rankings,,,C.J. Kayfus,CLE,433,,
FantraxHQ 2026 dynasty rankings,691620,691620,Jeferson Quero,MIL,434,,
FantraxHQ 2026 dynasty rankings,607625,12447,Seth Lugo,KC,435,,
FantraxHQ 2026 dynasty rankings,,,Alex Clemmey,WSH,436,,
FantraxHQ 2026 dynasty rankings,702275,702275,JR Ritchie,ATL,437,,
FantraxHQ 2026 dynasty rankings,682634,682634,Kevin Alcantara,CHC,438,,
FantraxHQ 2026 dynasty rankings,693855,693855,Ian Seymour,TB,439,,
FantraxHQ 2026 dynasty rankings,605280,605280,Clay Holmes,NYM,440,,
FantraxHQ 2026 dynasty rankings,,,Braylon Payne,MIL,441,,
FantraxHQ 2026 dynasty rankings,687363,687363,Victor Scott II,STL,442,,
FantraxHQ 2026 dynasty rankings,693307,693307,Dillon Dingler,DET,443,,
FantraxHQ 2026 dynasty rankings,690986,690986,Kyle Harrison,BOS,444,,
FantraxHQ 2026 dynasty rankings,579328,579328,Yusei Kikuchi,LAA,445,,
FantraxHQ 2026 dynasty rankings,678009,678009,Parker Meadows,DET,446,,
FantraxHQ 2026 dynasty rankings,695534,695534,Chase Petty,CIN,447,,
FantraxHQ 2026 dynasty rankings,,,Hagen Smith,CWS,448,,
FantraxHQ 2026 dynasty rankings,669461,669461,Matthew Liberatore,STL,449,,
FantraxHQ 2026 dynasty rankings,677595,677595,Ronny Mauricio,NYM,450,,
FantraxHQ 2026 dynasty rankings,808975,808975,Hyeseong Kim,LAD,451,,
FantraxHQ 2026 dynasty rankings,,,Slade Caldwell,AZ,452,,
FantraxHQ 2026 dynasty rankings,680869,680869,Zack Gelof,ATH,453,,
FantraxHQ 2026 dynasty rankings,691373,691373,Jhostynxon Garcia,PIT,454,,
FantraxHQ 2026 dynasty rankings,666808,666808,Camilo Doval,NYY,455,,
FantraxHQ 2026 dynasty rankings,592663,11739,J.T. Realmuto,FA,456,,
FantraxHQ 2026 dynasty rankings,800048,800048,Parker Messick,CLE,457,,
FantraxHQ 2026 dynasty rankings,573262,573262,Mike Yastrzemski,ATL,458,,
FantraxHQ 2026 dynasty rankings,,,Jurrangelo Cijntje,SEA,459,,
FantraxHQ 2026 dynasty rankings,,,Tylor Megill,NYM,460,,
FantraxHQ 2026 dynasty rankings,641793,641793,Zack Littell,FA,461,,
FantraxHQ 2026 dynasty rankings,,,Jarlin Susana,WSH,462,,
FantraxHQ 2026 dynasty rankings,682995,682995,Hunter Barco,PIT,463,,
FantraxHQ 2026 dynasty rankings,694477,694477,Chad Patrick,MIL,464,,
FantraxHQ 2026 dynasty rankings,,,Felix Bautista,BAL,465,,
FantraxHQ 2026 dynasty rankings,682987,682987,Spencer Jones,NYY,466,,
FantraxHQ 2026 dynasty rankings,695076,695076,Rhett Lowder,CIN,467,,
FantraxHQ 2026 dynasty rankings,625643,16400,Reynaldo Lopez,ATL,468,,
FantraxHQ 2026 dynasty rankings,676962,676962,Ben Brown,CHC,469,,
FantraxHQ 2026 dynasty rankings,665926,665926,Andres Gimenez,TOR,470,,
FantraxHQ 2026 dynasty rankings,806956,806956,Ethan Salas,SD,471,,
FantraxHQ 2026 dynasty rankings,681035,681035,Christian Scott,NYM,472,,
FantraxHQ 2026 dynasty rankings,,,Ryan O'Hearn,PIT,473,,
FantraxHQ 2026 dynasty rankings,621244,14168,Jose Berrios,TOR,474,,
FantraxHQ 2026 dynasty rankings,,,Jackson Ferris,LAD,475,,
FantraxHQ 2026 dynasty rankings,656849,656849,David Peterson,NYM,476,,
FantraxHQ 2026 dynasty rankings,687363,687363,Victor Scott,STL,477,,
FantraxHQ 2026 dynasty rankings,,,Cam Collier,CIN,478,,
FantraxHQ 2026 dynasty rankings,702544,702544,Jacob Reimer,NYM,479,,
FantraxHQ 2026 dynasty rankings,691023,691023,Jordan Walker,STL,480,,
FantraxHQ 2026 dynasty rankings,702674,702674,Caden Dana,LAA,481,,
FantraxHQ 2026 dynasty rankings,669160,669160,Dustin May,BOS,482,,
FantraxHQ 2026 dynasty rankings,689981,689981,River Ryan,LAD,483,,
FantraxHQ 2026 dynasty rankings,694728,694728,Brice Matthews,HOU,484,,
FantraxHQ 2026 dynasty rankings,682668,682668,Luisangel Acuna,NYM,485,,
FantraxHQ 2026 dynasty rankings,680732,680732,Sean Burke,CWS,486,,
FantraxHQ 2026 dynasty rankings,687931,687931,Carson Whisenhunt,SF,487,,
FantraxHQ 2026 dynasty rankings,669093,669093,Jeremiah Estrada,SD,488,,
FantraxHQ 2026 dynasty rankings,,,Tyler O'Neill,BAL,489,,
FantraxHQ 2026 dynasty rankings,666971,666971,Lourdes Gurriel Jr.,AZ,490,,
FantraxHQ 2026 dynasty rankings,699013,699013,Esmerlyn Valdez,PIT,491,,
FantraxHQ 2026 dynasty rankings,641487,15491,J.P. Crawford,SEA,492,,
FantraxHQ 2026 dynasty rankings,,,Andrew Fischer,MIL,493,,
FantraxHQ 2026 dynasty rankings,676508,676508,Ben Casparius,LAD,494,,
FantraxHQ 2026 dynasty rankings,677944,677944,Slade Cecconi,CLE,495,,
FantraxHQ 2026 dynasty rankings,621107,13774,Zach Eflin,FA,496,,
FantraxHQ 2026 dynasty rankings,,,Termarr Johnson,PIT,497,,
FantraxHQ 2026 dynasty rankings,700241,700241,Michael McGreevy,STL,498,,
FantraxHQ 2026 dynasty rankings,608337,15474,Lucas Giolito,FA,499,,
FantraxHQ 2026 dynasty rankings,689200,689200,Jacob Melton,HOU,500,,
FantraxHQ 2026 dynasty rankings,691728,691728,Zac Veen,COL,502,,
FantraxHQ 2026 dynasty rankings,691277,691277,Deyvison De Los Santos,MIA,508,,
FantraxHQ 2026 dynasty rankings,,,Noble Meyer,MIA,510,,
